{  
    "1": {
     "group": "USA",
     "name": "USA (regions)",
     "name_html": "USA (regions) ",
     "license": "free",
     "mapWidth":500,
     "mapHeight":380,
     "maxWidth":700,
     "defaultDataFile": "http://cdn.html5maps.com/libs/locator/2.4.0/usa/map.js",
     "defaultSettings": "usa/settings_tpl.json",
     "onselect_content": "<div class='map_notice'><h4><a href='http://www.fla-shop.com/products/wp-plugins/united-states/us/' target='_blank'>Premium plugin Map of the United States</a></h4><p>Clickable states. Responsive and mobile-friendly. No branding.<br>Get 15% OFF with coupon code WP2015</p><a href='http://www.fla-shop.com/products/wp-plugins/united-states/us/' class='butt' target='_blank'>Get it now!</a></div>"
 },
    "2": {
     "group": "USA",
     "name": "USA (states)",
     "name_html": "USA (states) ",
     "license": "premium",
     "mapWidth":0,
     "mapHeight":0,
     "maxWidth":0,
     "defaultDataFile": "",
     "defaultSettings": "",
     "onselect_content": "<div class='map_notice'><h4><a href='http://www.fla-shop.com/products/wp-plugins/united-states/us/' target='_blank'>Premium plugin Map of the United States</a></h4><p>Clickable states. Responsive and mobile-friendly. No branding.<br>Get 15% OFF with coupon code WP2015</p><a href='http://www.fla-shop.com/products/wp-plugins/united-states/us/' class='butt' target='_blank'>Get it now!</a></div>"
 },
    "3": {
     "group": "USA",
     "name": "Alabama (regions)",
     "name_html": "Alabama (regions) ",
     "license": "free",
     "mapWidth":350,
     "mapHeight":380,
     "maxWidth":600,
     "defaultDataFile": "http://cdn.html5maps.com/libs/locator/2.4.0/us-alabama/map.js",
     "defaultSettings": "us-alabama/settings_tpl.json",
     "onselect_content": "<div class='map_notice'><h4><a href='http://www.fla-shop.com/products/wp-plugins/united-states/al/' target='_blank'>Premium plugin map of Alabama with clickable counties</a></h4><p>Responsive map. No branding. No monthly fee.<br>Get 15% OFF with coupon code WP2015</p><a href='http://www.fla-shop.com/products/wp-plugins/united-states/al/' class='butt' target='_blank'>Get it now!</a></div>"
 },
    "4": {
     "group": "USA",
     "name": "Alaska (regions)",
     "name_html": "Alaska (regions) ",
     "license": "free",
     "mapWidth":450,
     "mapHeight":380,
     "maxWidth":600,
     "defaultDataFile": "http://cdn.html5maps.com/libs/locator/2.4.0/us-alaska/map.js",
     "defaultSettings": "us-alaska/settings_tpl.json",
     "onselect_content": "<div class='map_notice'><h4><a href='http://www.fla-shop.com/products/wp-plugins/united-states/ak/' target='_blank'>Premium plugin map of Alaska with clickable counties</a></h4><p>Responsive map. No branding. No monthly fee.<br>Get 15% OFF with coupon code WP2015</p><a href='http://www.fla-shop.com/products/wp-plugins/united-states/ak/' class='butt' target='_blank'>Get it now!</a></div>"
 },
    "5": {
     "group": "USA",
     "name": "Arizona (regions)",
     "name_html": "Arizona (regions) ",
     "license": "free",
     "mapWidth":400,
     "mapHeight":380,
     "maxWidth":600,
     "defaultDataFile": "http://cdn.html5maps.com/libs/locator/2.4.0/us-arizona/map.js",
     "defaultSettings": "us-arizona/settings_tpl.json",
     "onselect_content": "<div class='map_notice'><h4><a href='http://www.fla-shop.com/products/wp-plugins/united-states/az/' target='_blank'>Premium plugin map of Arizona with clickable counties</a></h4><p>Responsive map. No branding. No monthly fee.<br>Get 15% OFF with coupon code WP2015</p><a href='http://www.fla-shop.com/products/wp-plugins/united-states/az/' class='butt' target='_blank'>Get it now!</a></div>"
 },
    "6": {
     "group": "USA",
     "name": "Arkansas (regions)",
     "name_html": "Arkansas (regions) ",
     "license": "free",
     "mapWidth":500,
     "mapHeight":380,
     "maxWidth":600,
     "defaultDataFile": "http://cdn.html5maps.com/libs/locator/2.4.0/us-arkansas/map.js",
     "defaultSettings": "us-arkansas/settings_tpl.json",
     "onselect_content": "<div class='map_notice'><h4><a href='http://www.fla-shop.com/products/wp-plugins/united-states/ar/' target='_blank'>Premium plugin map of Arkansas with clickable counties</a></h4><p>Responsive map. No branding. No monthly fee.<br>Get 15% OFF with coupon code WP2015</p><a href='http://www.fla-shop.com/products/wp-plugins/united-states/ar/' class='butt' target='_blank'>Get it now!</a></div>"
 },
    "7": {
     "group": "USA",
     "name": "California (regions)",
     "name_html": "California (regions) ",
     "license": "free",
     "mapWidth":400,
     "mapHeight":380,
     "maxWidth":600,
     "defaultDataFile": "http://cdn.html5maps.com/libs/locator/2.4.0/us-california/map.js",
     "defaultSettings": "us-california/settings_tpl.json",
     "onselect_content": "<div class='map_notice'><h4><a href='http://www.fla-shop.com/products/wp-plugins/united-states/ca/' target='_blank'>Premium plugin map of California with clickable counties</a></h4><p>Responsive map. No branding. No monthly fee.<br>Get 15% OFF with coupon code WP2015</p><a href='http://www.fla-shop.com/products/wp-plugins/united-states/ca/' class='butt' target='_blank'>Get it now!</a></div>"
 },
    "8": {
     "group": "USA",
     "name": "Colorado (regions)",
     "name_html": "Colorado (regions) ",
     "license": "free",
     "mapWidth":500,
     "mapHeight":380,
     "maxWidth":600,
     "defaultDataFile": "http://cdn.html5maps.com/libs/locator/2.4.0/us-colorado/map.js",
     "defaultSettings": "us-colorado/settings_tpl.json",
     "onselect_content": "<div class='map_notice'><h4><a href='http://www.fla-shop.com/products/wp-plugins/united-states/co/' target='_blank'>Premium plugin map of Colorado with clickable counties</a></h4><p>Responsive map. No branding. No monthly fee.<br>Get 15% OFF with coupon code WP2015</p><a href='http://www.fla-shop.com/products/wp-plugins/united-states/co/' class='butt' target='_blank'>Get it now!</a></div>"
 },
    "9": {
     "group": "USA",
     "name": "Connecticut (regions)",
     "name_html": "Connecticut (regions) ",
     "license": "free",
     "mapWidth":500,
     "mapHeight":380,
     "maxWidth":600,
     "defaultDataFile": "http://cdn.html5maps.com/libs/locator/2.4.0/us-connecticut/map.js",
     "defaultSettings": "us-connecticut/settings_tpl.json",
     "onselect_content": "<div class='map_notice'><h4><a href='http://www.fla-shop.com/products/wp-plugins/united-states/ct/' target='_blank'>Premium plugin map of Connecticut with clickable counties</a></h4><p>Responsive map. No branding. No monthly fee.<br>Get 15% OFF with coupon code WP2015</p><a href='http://www.fla-shop.com/products/wp-plugins/united-states/ct/' class='butt' target='_blank'>Get it now!</a></div>"
 },
    "10": {
     "group": "USA",
     "name": "Delaware (regions)",
     "name_html": "Delaware (regions) ",
     "license": "free",
     "mapWidth":300,
     "mapHeight":380,
     "maxWidth":500,
     "defaultDataFile": "http://cdn.html5maps.com/libs/locator/2.4.0/us-delaware/map.js",
     "defaultSettings": "us-delaware/settings_tpl.json",
     "onselect_content": "<div class='map_notice'><h4><a href='http://www.fla-shop.com/products/wp-plugins/united-states/de/' target='_blank'>Premium plugin map of Delaware with clickable counties</a></h4><p>Responsive map. No branding. No monthly fee.<br>Get 15% OFF with coupon code WP2015</p><a href='http://www.fla-shop.com/products/wp-plugins/united-states/de/' class='butt' target='_blank'>Get it now!</a></div>"
 },
    "11": {
     "group": "USA",
     "name": "District of Columbia (wards)",
     "name_html": "District of Columbia (wards) ",
     "license": "free",
     "mapWidth":320,
     "mapHeight":380,
     "maxWidth":600,
     "defaultDataFile": "http://cdn.html5maps.com/libs/locator/2.4.0/us-district-of-columbia/map.js",
     "defaultSettings": "us-district-of-columbia/settings_tpl.json",
     "onselect_content": ""
 },
    "12": {
     "group": "USA",
     "name": "Florida (regions)",
     "name_html": "Florida (regions) ",
     "license": "free",
     "mapWidth":450,
     "mapHeight":380,
     "maxWidth":600,
     "defaultDataFile": "http://cdn.html5maps.com/libs/locator/2.4.0/us-florida/map.js",
     "defaultSettings": "us-florida/settings_tpl.json",
     "onselect_content": "<div class='map_notice'><h4><a href='http://www.fla-shop.com/products/wp-plugins/united-states/fl/' target='_blank'>Premium plugin map of Florida with clickable counties</a></h4><p>Responsive map. No branding. No monthly fee.<br>Get 15% OFF with coupon code WP2015</p><a href='http://www.fla-shop.com/products/wp-plugins/united-states/fl/' class='butt' target='_blank'>Get it now!</a></div>"
 },
    "13": {
     "group": "USA",
     "name": "Georgia (regions)",
     "name_html": "Georgia (regions) ",
     "license": "free",
     "mapWidth":350,
     "mapHeight":380,
     "maxWidth":600,
     "defaultDataFile": "http://cdn.html5maps.com/libs/locator/2.4.0/us-georgia/map.js",
     "defaultSettings": "us-georgia/settings_tpl.json",
     "onselect_content": "<div class='map_notice'><h4><a href='http://www.fla-shop.com/products/wp-plugins/united-states/ga/' target='_blank'>Premium plugin map of Georgia with clickable counties</a></h4><p>Responsive map. No branding. No monthly fee.<br>Get 15% OFF with coupon code WP2015</p><a href='http://www.fla-shop.com/products/wp-plugins/united-states/ga/' class='butt' target='_blank'>Get it now!</a></div>"
 },
    "14": {
     "group": "USA",
     "name": "Hawaii (regions)",
     "name_html": "Hawaii (regions) ",
     "license": "free",
     "mapWidth":500,
     "mapHeight":350,
     "maxWidth":600,
     "defaultDataFile": "http://cdn.html5maps.com/libs/locator/2.4.0/us-hawaii/map.js",
     "defaultSettings": "us-hawaii/settings_tpl.json",
     "onselect_content": "<div class='map_notice'><h4><a href='http://www.fla-shop.com/products/wp-plugins/united-states/hi/' target='_blank'>Premium plugin map of Hawaii with clickable counties</a></h4><p>Responsive map. No branding. No monthly fee.<br>Get 15% OFF with coupon code WP2015</p><a href='http://www.fla-shop.com/products/wp-plugins/united-states/hi/' class='butt' target='_blank'>Get it now!</a></div>"
 },
    "15": {
     "group": "USA",
     "name": "Idaho (regions)",
     "name_html": "Idaho (regions) ",
     "license": "free",
     "mapWidth":350,
     "mapHeight":380,
     "maxWidth":600,
     "defaultDataFile": "http://cdn.html5maps.com/libs/locator/2.4.0/us-idaho/map.js",
     "defaultSettings": "us-idaho/settings_tpl.json",
     "onselect_content": "<div class='map_notice'><h4><a href='http://www.fla-shop.com/products/wp-plugins/united-states/id/' target='_blank'>Premium plugin map of Idaho with clickable counties</a></h4><p>Responsive map. No branding. No monthly fee.<br>Get 15% OFF with coupon code WP2015</p><a href='http://www.fla-shop.com/products/wp-plugins/united-states/id/' class='butt' target='_blank'>Get it now!</a></div>"
 },
    "16": {
     "group": "USA",
     "name": "Illinois (regions)",
     "name_html": "Illinois (regions) ",
     "license": "free",
     "mapWidth":350,
     "mapHeight":380,
     "maxWidth":600,
     "defaultDataFile": "http://cdn.html5maps.com/libs/locator/2.4.0/us-illinois/map.js",
     "defaultSettings": "us-illinois/settings_tpl.json",
     "onselect_content": "<div class='map_notice'><h4><a href='http://www.fla-shop.com/products/wp-plugins/united-states/il/' target='_blank'>Premium plugin map of Illinois with clickable counties</a></h4><p>Responsive map. No branding. No monthly fee.<br>Get 15% OFF with coupon code WP2015</p><a href='http://www.fla-shop.com/products/wp-plugins/united-states/il/' class='butt' target='_blank'>Get it now!</a></div>"
 },
    "17": {
     "group": "USA",
     "name": "Indiana (regions)",
     "name_html": "Indiana (regions) ",
     "license": "free",
     "mapWidth":300,
     "mapHeight":380,
     "maxWidth":500,
     "defaultDataFile": "http://cdn.html5maps.com/libs/locator/2.4.0/us-indiana/map.js",
     "defaultSettings": "us-indiana/settings_tpl.json",
     "onselect_content": "<div class='map_notice'><h4><a href='http://www.fla-shop.com/products/wp-plugins/united-states/in/' target='_blank'>Premium plugin map of Indiana with clickable counties</a></h4><p>Responsive map. No branding. No monthly fee.<br>Get 15% OFF with coupon code WP2015</p><a href='http://www.fla-shop.com/products/wp-plugins/united-states/in/' class='butt' target='_blank'>Get it now!</a></div>"
 },
    "18": {
     "group": "USA",
     "name": "Iowa (regions)",
     "name_html": "Iowa (regions) ",
     "license": "free",
     "mapWidth":500,
     "mapHeight":360,
     "maxWidth":600,
     "defaultDataFile": "http://cdn.html5maps.com/libs/locator/2.4.0/us-iowa/map.js",
     "defaultSettings": "us-iowa/settings_tpl.json",
     "onselect_content": "<div class='map_notice'><h4><a href='http://www.fla-shop.com/products/wp-plugins/united-states/ia/' target='_blank'>Premium plugin map of Iowa with clickable counties</a></h4><p>Responsive map. No branding. No monthly fee.<br>Get 15% OFF with coupon code WP2015</p><a href='http://www.fla-shop.com/products/wp-plugins/united-states/ia/' class='butt' target='_blank'>Get it now!</a></div>"
 },
    "19": {
     "group": "USA",
     "name": "Kansas (regions)",
     "name_html": "Kansas (regions) ",
     "license": "free",
     "mapWidth":500,
     "mapHeight":300,
     "maxWidth":600,
     "defaultDataFile": "http://cdn.html5maps.com/libs/locator/2.4.0/us-kansas/map.js",
     "defaultSettings": "us-kansas/settings_tpl.json",
     "onselect_content": "<div class='map_notice'><h4><a href='http://www.fla-shop.com/products/wp-plugins/united-states/ks/' target='_blank'>Premium plugin map of Kansas with clickable counties</a></h4><p>Responsive map. No branding. No monthly fee.<br>Get 15% OFF with coupon code WP2015</p><a href='http://www.fla-shop.com/products/wp-plugins/united-states/ks/' class='butt' target='_blank'>Get it now!</a></div>"
 },
    "20": {
     "group": "USA",
     "name": "Kentucky (regions)",
     "name_html": "Kentucky (regions) ",
     "license": "free",
     "mapWidth":500,
     "mapHeight":250,
     "maxWidth":600,
     "defaultDataFile": "http://cdn.html5maps.com/libs/locator/2.4.0/us-kentucky/map.js",
     "defaultSettings": "us-kentucky/settings_tpl.json",
     "onselect_content": "<div class='map_notice'><h4><a href='http://www.fla-shop.com/products/wp-plugins/united-states/ky/' target='_blank'>Premium plugin map of Kentucky with clickable counties</a></h4><p>Responsive map. No branding. No monthly fee.<br>Get 15% OFF with coupon code WP2015</p><a href='http://www.fla-shop.com/products/wp-plugins/united-states/ky/' class='butt' target='_blank'>Get it now!</a></div>"
 },
    "21": {
     "group": "USA",
     "name": "Louisiana (regions)",
     "name_html": "Louisiana (regions) ",
     "license": "free",
     "mapWidth":450,
     "mapHeight":380,
     "maxWidth":600,
     "defaultDataFile": "http://cdn.html5maps.com/libs/locator/2.4.0/us-louisiana/map.js",
     "defaultSettings": "us-louisiana/settings_tpl.json",
     "onselect_content": "<div class='map_notice'><h4><a href='http://www.fla-shop.com/products/wp-plugins/united-states/la/' target='_blank'>Premium plugin map of Louisiana with clickable counties</a></h4><p>Responsive map. No branding. No monthly fee.<br>Get 15% OFF with coupon code WP2015</p><a href='http://www.fla-shop.com/products/wp-plugins/united-states/la/' class='butt' target='_blank'>Get it now!</a></div>"
 },
    "22": {
     "group": "USA",
     "name": "Maine (regions)",
     "name_html": "Maine (regions) ",
     "license": "free",
     "mapWidth":300,
     "mapHeight":380,
     "maxWidth":500,
     "defaultDataFile": "http://cdn.html5maps.com/libs/locator/2.4.0/us-maine/map.js",
     "defaultSettings": "us-maine/settings_tpl.json",
     "onselect_content": "<div class='map_notice'><h4><a href='http://www.fla-shop.com/products/wp-plugins/united-states/me/' target='_blank'>Premium plugin map of Maine with clickable counties</a></h4><p>Responsive map. No branding. No monthly fee.<br>Get 15% OFF with coupon code WP2015</p><a href='http://www.fla-shop.com/products/wp-plugins/united-states/me/' class='butt' target='_blank'>Get it now!</a></div>"
 },
    "23": {
     "group": "USA",
     "name": "Maryland (regions)",
     "name_html": "Maryland (regions) ",
     "license": "free",
     "mapWidth":500,
     "mapHeight":300,
     "maxWidth":600,
     "defaultDataFile": "http://cdn.html5maps.com/libs/locator/2.4.0/us-maryland/map.js",
     "defaultSettings": "us-maryland/settings_tpl.json",
     "onselect_content": "<div class='map_notice'><h4><a href='http://www.fla-shop.com/products/wp-plugins/united-states/md/' target='_blank'>Premium plugin map of Maryland with clickable counties</a></h4><p>Responsive map. No branding. No monthly fee.<br>Get 15% OFF with coupon code WP2015</p><a href='http://www.fla-shop.com/products/wp-plugins/united-states/md/' class='butt' target='_blank'>Get it now!</a></div>"
 },
    "24": {
     "group": "USA",
     "name": "Massachusetts (regions)",
     "name_html": "Massachusetts (regions) ",
     "license": "free",
     "mapWidth":500,
     "mapHeight":320,
     "maxWidth":600,
     "defaultDataFile": "http://cdn.html5maps.com/libs/locator/2.4.0/us-massachusetts/map.js",
     "defaultSettings": "us-massachusetts/settings_tpl.json",
     "onselect_content": "<div class='map_notice'><h4><a href='http://www.fla-shop.com/products/wp-plugins/united-states/ma/' target='_blank'>Premium plugin map of Massachusetts with clickable counties</a></h4><p>Responsive map. No branding. No monthly fee.<br>Get 15% OFF with coupon code WP2015</p><a href='http://www.fla-shop.com/products/wp-plugins/united-states/ma/' class='butt' target='_blank'>Get it now!</a></div>"
 },
    "25": {
     "group": "USA",
     "name": "Michigan (regions)",
     "name_html": "Michigan (regions) ",
     "license": "free",
     "mapWidth":400,
     "mapHeight":380,
     "maxWidth":600,
     "defaultDataFile": "http://cdn.html5maps.com/libs/locator/2.4.0/us-michigan/map.js",
     "defaultSettings": "us-michigan/settings_tpl.json",
     "onselect_content": "<div class='map_notice'><h4><a href='http://www.fla-shop.com/products/wp-plugins/united-states/mi/' target='_blank'>Premium plugin map of Michigan with clickable counties</a></h4><p>Responsive map. No branding. No monthly fee.<br>Get 15% OFF with coupon code WP2015</p><a href='http://www.fla-shop.com/products/wp-plugins/united-states/mi/' class='butt' target='_blank'>Get it now!</a></div>"
 },
    "26": {
     "group": "USA",
     "name": "Minnesota (regions)",
     "name_html": "Minnesota (regions) ",
     "license": "free",
     "mapWidth":400,
     "mapHeight":380,
     "maxWidth":600,
     "defaultDataFile": "http://cdn.html5maps.com/libs/locator/2.4.0/us-minnesota/map.js",
     "defaultSettings": "us-minnesota/settings_tpl.json",
     "onselect_content": "<div class='map_notice'><h4><a href='http://www.fla-shop.com/products/wp-plugins/united-states/mn/' target='_blank'>Premium plugin map of Minnesota with clickable counties</a></h4><p>Responsive map. No branding. No monthly fee.<br>Get 15% OFF with coupon code WP2015</p><a href='http://www.fla-shop.com/products/wp-plugins/united-states/mn/' class='butt' target='_blank'>Get it now!</a></div>"
 },
    "27": {
     "group": "USA",
     "name": "Mississippi (regions)",
     "name_html": "Mississippi (regions) ",
     "license": "free",
     "mapWidth":300,
     "mapHeight":380,
     "maxWidth":500,
     "defaultDataFile": "http://cdn.html5maps.com/libs/locator/2.4.0/us-mississippi/map.js",
     "defaultSettings": "us-mississippi/settings_tpl.json",
     "onselect_content": "<div class='map_notice'><h4><a href='http://www.fla-shop.com/products/wp-plugins/united-states/ms/' target='_blank'>Premium plugin map of Mississippi with clickable counties</a></h4><p>Responsive map. No branding. No monthly fee.<br>Get 15% OFF with coupon code WP2015</p><a href='http://www.fla-shop.com/products/wp-plugins/united-states/ms/' class='butt' target='_blank'>Get it now!</a></div>"
 },
    "28": {
     "group": "USA",
     "name": "Missouri (regions)",
     "name_html": "Missouri (regions) ",
     "license": "free",
     "mapWidth":450,
     "mapHeight":380,
     "maxWidth":600,
     "defaultDataFile": "http://cdn.html5maps.com/libs/locator/2.4.0/us-missouri/map.js",
     "defaultSettings": "us-missouri/settings_tpl.json",
     "onselect_content": "<div class='map_notice'><h4><a href='http://www.fla-shop.com/products/wp-plugins/united-states/mo/' target='_blank'>Premium plugin map of Missouri with clickable counties</a></h4><p>Responsive map. No branding. No monthly fee.<br>Get 15% OFF with coupon code WP2015</p><a href='http://www.fla-shop.com/products/wp-plugins/united-states/mo/' class='butt' target='_blank'>Get it now!</a></div>"
 },
    "29": {
     "group": "USA",
     "name": "Montana (regions)",
     "name_html": "Montana (regions) ",
     "license": "free",
     "mapWidth":500,
     "mapHeight":300,
     "maxWidth":600,
     "defaultDataFile": "http://cdn.html5maps.com/libs/locator/2.4.0/us-montana/map.js",
     "defaultSettings": "us-montana/settings_tpl.json",
     "onselect_content": "<div class='map_notice'><h4><a href='http://www.fla-shop.com/products/wp-plugins/united-states/mt/' target='_blank'>Premium plugin map of Montana with clickable counties</a></h4><p>Responsive map. No branding. No monthly fee.<br>Get 15% OFF with coupon code WP2015</p><a href='http://www.fla-shop.com/products/wp-plugins/united-states/mt/' class='butt' target='_blank'>Get it now!</a></div>"
 },
    "30": {
     "group": "USA",
     "name": "Nebraska (regions)",
     "name_html": "Nebraska (regions) ",
     "license": "free",
     "mapWidth":500,
     "mapHeight":250,
     "maxWidth":600,
     "defaultDataFile": "http://cdn.html5maps.com/libs/locator/2.4.0/us-nebraska/map.js",
     "defaultSettings": "us-nebraska/settings_tpl.json",
     "onselect_content": "<div class='map_notice'><h4><a href='http://www.fla-shop.com/products/wp-plugins/united-states/ne/' target='_blank'>Premium plugin map of Nebraska with clickable counties</a></h4><p>Responsive map. No branding. No monthly fee.<br>Get 15% OFF with coupon code WP2015</p><a href='http://www.fla-shop.com/products/wp-plugins/united-states/ne/' class='butt' target='_blank'>Get it now!</a></div>"
 },
    "31": {
     "group": "USA",
     "name": "Nevada (regions)",
     "name_html": "Nevada (regions) ",
     "license": "free",
     "mapWidth":300,
     "mapHeight":380,
     "maxWidth":500,
     "defaultDataFile": "http://cdn.html5maps.com/libs/locator/2.4.0/us-nevada/map.js",
     "defaultSettings": "us-nevada/settings_tpl.json",
     "onselect_content": "<div class='map_notice'><h4><a href='http://www.fla-shop.com/products/wp-plugins/united-states/nv/' target='_blank'>Premium plugin map of Nevada with clickable counties</a></h4><p>Responsive map. No branding. No monthly fee.<br>Get 15% OFF with coupon code WP2015</p><a href='http://www.fla-shop.com/products/wp-plugins/united-states/nv/' class='butt' target='_blank'>Get it now!</a></div>"
 },
    "32": {
     "group": "USA",
     "name": "New Hampshire (regions)",
     "name_html": "New Hampshire (regions) ",
     "license": "free",
     "mapWidth":300,
     "mapHeight":380,
     "maxWidth":500,
     "defaultDataFile": "http://cdn.html5maps.com/libs/locator/2.4.0/us-new-hampshire/map.js",
     "defaultSettings": "us-new-hampshire/settings_tpl.json",
     "onselect_content": "<div class='map_notice'><h4><a href='http://www.fla-shop.com/products/wp-plugins/united-states/nh/' target='_blank'>Premium plugin map of New Hampshire with clickable counties</a></h4><p>Responsive map. No branding. No monthly fee.<br>Get 15% OFF with coupon code WP2015</p><a href='http://www.fla-shop.com/products/wp-plugins/united-states/nh/' class='butt' target='_blank'>Get it now!</a></div>"
 },
    "33": {
     "group": "USA",
     "name": "New Jersey (regions)",
     "name_html": "New Jersey (regions) ",
     "license": "free",
     "mapWidth":300,
     "mapHeight":380,
     "maxWidth":500,
     "defaultDataFile": "http://cdn.html5maps.com/libs/locator/2.4.0/us-new-jersey/map.js",
     "defaultSettings": "us-new-jersey/settings_tpl.json",
     "onselect_content": "<div class='map_notice'><h4><a href='http://www.fla-shop.com/products/wp-plugins/united-states/nj/' target='_blank'>Premium plugin map of New Jersey with clickable counties</a></h4><p>Responsive map. No branding. No monthly fee.<br>Get 15% OFF with coupon code WP2015</p><a href='http://www.fla-shop.com/products/wp-plugins/united-states/nj/' class='butt' target='_blank'>Get it now!</a></div>"
 },
    "34": {
     "group": "USA",
     "name": "New Mexico (regions)",
     "name_html": "New Mexico (regions) ",
     "license": "free",
     "mapWidth":400,
     "mapHeight":380,
     "maxWidth":600,
     "defaultDataFile": "http://cdn.html5maps.com/libs/locator/2.4.0/us-new-mexico/map.js",
     "defaultSettings": "us-new-mexico/settings_tpl.json",
     "onselect_content": "<div class='map_notice'><h4><a href='http://www.fla-shop.com/products/wp-plugins/united-states/nm/' target='_blank'>Premium plugin map of New Mexico with clickable counties</a></h4><p>Responsive map. No branding. No monthly fee.<br>Get 15% OFF with coupon code WP2015</p><a href='http://www.fla-shop.com/products/wp-plugins/united-states/nm/' class='butt' target='_blank'>Get it now!</a></div>"
 },
    "35": {
     "group": "USA",
     "name": "New York (regions)",
     "name_html": "New York (regions) ",
     "license": "free",
     "mapWidth":500,
     "mapHeight":380,
     "maxWidth":600,
     "defaultDataFile": "http://cdn.html5maps.com/libs/locator/2.4.0/us-new-york/map.js",
     "defaultSettings": "us-new-york/settings_tpl.json",
     "onselect_content": "<div class='map_notice'><h4><a href='http://www.fla-shop.com/products/wp-plugins/united-states/ny/' target='_blank'>Premium plugin map of New York with clickable counties</a></h4><p>Responsive map. No branding. No monthly fee.<br>Get 15% OFF with coupon code WP2015</p><a href='http://www.fla-shop.com/products/wp-plugins/united-states/ny/' class='butt' target='_blank'>Get it now!</a></div>"
 },
    "36": {
     "group": "USA",
     "name": "North Carolina (regions)",
     "name_html": "North Carolina (regions) ",
     "license": "free",
     "mapWidth":500,
     "mapHeight":200,
     "maxWidth":600,
     "defaultDataFile": "http://cdn.html5maps.com/libs/locator/2.4.0/us-north-carolina/map.js",
     "defaultSettings": "us-north-carolina/settings_tpl.json",
     "onselect_content": "<div class='map_notice'><h4><a href='http://www.fla-shop.com/products/wp-plugins/united-states/nc/' target='_blank'>Premium plugin map of North Carolina with clickable counties</a></h4><p>Responsive map. No branding. No monthly fee.<br>Get 15% OFF with coupon code WP2015</p><a href='http://www.fla-shop.com/products/wp-plugins/united-states/nc/' class='butt' target='_blank'>Get it now!</a></div>"
 },
    "38": {
     "group": "USA",
     "name": "North Dakota (regions)",
     "name_html": "North Dakota (regions) ",
     "license": "free",
     "mapWidth":500,
     "mapHeight":330,
     "maxWidth":600,
     "defaultDataFile": "http://cdn.html5maps.com/libs/locator/2.4.0/us-north-dakota/map.js",
     "defaultSettings": "us-north-dakota/settings_tpl.json",
     "onselect_content": "<div class='map_notice'><h4><a href='http://www.fla-shop.com/products/wp-plugins/united-states/nd/' target='_blank'>Premium plugin map of North Dakota with clickable counties</a></h4><p>Responsive map. No branding. No monthly fee.<br>Get 15% OFF with coupon code WP2015</p><a href='http://www.fla-shop.com/products/wp-plugins/united-states/nd/' class='butt' target='_blank'>Get it now!</a></div>"
 },
    "39": {
     "group": "USA",
     "name": "Ohio (regions)",
     "name_html": "Ohio (regions) ",
     "license": "free",
     "mapWidth":400,
     "mapHeight":380,
     "maxWidth":600,
     "defaultDataFile": "http://cdn.html5maps.com/libs/locator/2.4.0/us-ohio/map.js",
     "defaultSettings": "us-ohio/settings_tpl.json",
     "onselect_content": "<div class='map_notice'><h4><a href='http://www.fla-shop.com/products/wp-plugins/united-states/oh/' target='_blank'>Premium plugin map of Ohio with clickable counties</a></h4><p>Responsive map. No branding. No monthly fee.<br>Get 15% OFF with coupon code WP2015</p><a href='http://www.fla-shop.com/products/wp-plugins/united-states/oh/' class='butt' target='_blank'>Get it now!</a></div>"
 },
    "40": {
     "group": "USA",
     "name": "Oklahoma (regions)",
     "name_html": "Oklahoma (regions) ",
     "license": "free",
     "mapWidth":500,
     "mapHeight":300,
     "maxWidth":600,
     "defaultDataFile": "http://cdn.html5maps.com/libs/locator/2.4.0/us-oklahoma/map.js",
     "defaultSettings": "us-oklahoma/settings_tpl.json",
     "onselect_content": "<div class='map_notice'><h4><a href='http://www.fla-shop.com/products/wp-plugins/united-states/ok/' target='_blank'>Premium plugin map of Oklahoma with clickable counties</a></h4><p>Responsive map. No branding. No monthly fee.<br>Get 15% OFF with coupon code WP2015</p><a href='http://www.fla-shop.com/products/wp-plugins/united-states/ok/' class='butt' target='_blank'>Get it now!</a></div>"
 },
    "41": {
     "group": "USA",
     "name": "Oregon (regions)",
     "name_html": "Oregon (regions) ",
     "license": "free",
     "mapWidth":500,
     "mapHeight":380,
     "maxWidth":600,
     "defaultDataFile": "http://cdn.html5maps.com/libs/locator/2.4.0/us-oregon/map.js",
     "defaultSettings": "us-oregon/settings_tpl.json",
     "onselect_content": "<div class='map_notice'><h4><a href='http://www.fla-shop.com/products/wp-plugins/united-states/or/' target='_blank'>Premium plugin map of Oregon with clickable counties</a></h4><p>Responsive map. No branding. No monthly fee.<br>Get 15% OFF with coupon code WP2015</p><a href='http://www.fla-shop.com/products/wp-plugins/united-states/or/' class='butt' target='_blank'>Get it now!</a></div>"
 },
    "42": {
     "group": "USA",
     "name": "Pennsylvania (regions)",
     "name_html": "Pennsylvania (regions) ",
     "license": "free",
     "mapWidth":500,
     "mapHeight":300,
     "maxWidth":600,
     "defaultDataFile": "http://cdn.html5maps.com/libs/locator/2.4.0/us-pennsylvania/map.js",
     "defaultSettings": "us-pennsylvania/settings_tpl.json",
     "onselect_content": "<div class='map_notice'><h4><a href='http://www.fla-shop.com/products/wp-plugins/united-states/pa/' target='_blank'>Premium plugin map of Pennsylvania with clickable counties</a></h4><p>Responsive map. No branding. No monthly fee.<br>Get 15% OFF with coupon code WP2015</p><a href='http://www.fla-shop.com/products/wp-plugins/united-states/pa/' class='butt' target='_blank'>Get it now!</a></div>"
 },
    "43": {
     "group": "USA",
     "name": "Rhode Island (regions)",
     "name_html": "Rhode Island (regions) ",
     "license": "free",
     "mapWidth":300,
     "mapHeight":380,
     "maxWidth":500,
     "defaultDataFile": "http://cdn.html5maps.com/libs/locator/2.4.0/us-rhode-island/map.js",
     "defaultSettings": "us-rhode-island/settings_tpl.json",
     "onselect_content": "<div class='map_notice'><h4><a href='http://www.fla-shop.com/products/wp-plugins/united-states/ri/' target='_blank'>Premium plugin map of Rhode Island with clickable counties</a></h4><p>Responsive map. No branding. No monthly fee.<br>Get 15% OFF with coupon code WP2015</p><a href='http://www.fla-shop.com/products/wp-plugins/united-states/ri/' class='butt' target='_blank'>Get it now!</a></div>"
 },
    "44": {
     "group": "USA",
     "name": "South Carolina (regions)",
     "name_html": "South Carolina (regions) ",
     "license": "free",
     "mapWidth":500,
     "mapHeight":380,
     "maxWidth":600,
     "defaultDataFile": "http://cdn.html5maps.com/libs/locator/2.4.0/us-south-carolina/map.js",
     "defaultSettings": "us-south-carolina/settings_tpl.json",
     "onselect_content": "<div class='map_notice'><h4><a href='http://www.fla-shop.com/products/wp-plugins/united-states/sc/' target='_blank'>Premium plugin map of South Carolina with clickable counties</a></h4><p>Responsive map. No branding. No monthly fee.<br>Get 15% OFF with coupon code WP2015</p><a href='http://www.fla-shop.com/products/wp-plugins/united-states/sc/' class='butt' target='_blank'>Get it now!</a></div>"
 },
    "45": {
     "group": "USA",
     "name": "South Dakota (regions)",
     "name_html": "South Dakota (regions) ",
     "license": "free",
     "mapWidth":500,
     "mapHeight":330,
     "maxWidth":600,
     "defaultDataFile": "http://cdn.html5maps.com/libs/locator/2.4.0/us-south-dakota/map.js",
     "defaultSettings": "us-south-dakota/settings_tpl.json",
     "onselect_content": "<div class='map_notice'><h4><a href='http://www.fla-shop.com/products/wp-plugins/united-states/sd/' target='_blank'>Premium plugin map of South Dakota with clickable counties</a></h4><p>Responsive map. No branding. No monthly fee.<br>Get 15% OFF with coupon code WP2015</p><a href='http://www.fla-shop.com/products/wp-plugins/united-states/sd/' class='butt' target='_blank'>Get it now!</a></div>"
 },
    "46": {
     "group": "USA",
     "name": "Tennessee (regions)",
     "name_html": "Tennessee (regions) ",
     "license": "free",
     "mapWidth":500,
     "mapHeight":150,
     "maxWidth":600,
     "defaultDataFile": "http://cdn.html5maps.com/libs/locator/2.4.0/us-tennessee/map.js",
     "defaultSettings": "us-tennessee/settings_tpl.json",
     "onselect_content": "<div class='map_notice'><h4><a href='http://www.fla-shop.com/products/wp-plugins/united-states/tn/' target='_blank'>Premium plugin map of Tennessee with clickable counties</a></h4><p>Responsive map. No branding. No monthly fee.<br>Get 15% OFF with coupon code WP2015</p><a href='http://www.fla-shop.com/products/wp-plugins/united-states/tn/' class='butt' target='_blank'>Get it now!</a></div>"
 },
    "47": {
     "group": "USA",
     "name": "Texas (regions)",
     "name_html": "Texas (regions) ",
     "license": "free",
     "mapWidth":400,
     "mapHeight":380,
     "maxWidth":600,
     "defaultDataFile": "http://cdn.html5maps.com/libs/locator/2.4.0/us-texas/map.js",
     "defaultSettings": "us-texas/settings_tpl.json",
     "onselect_content": "<div class='map_notice'><h4><a href='http://www.fla-shop.com/products/wp-plugins/united-states/tx/' target='_blank'>Premium plugin map of Texas with clickable counties</a></h4><p>Responsive map. No branding. No monthly fee.<br>Get 15% OFF with coupon code WP2015</p><a href='http://www.fla-shop.com/products/wp-plugins/united-states/tx/' class='butt' target='_blank'>Get it now!</a></div>"
 },
    "48": {
     "group": "USA",
     "name": "Utah (regions)",
     "name_html": "Utah (regions) ",
     "license": "free",
     "mapWidth":340,
     "mapHeight":380,
     "maxWidth":600,
     "defaultDataFile": "http://cdn.html5maps.com/libs/locator/2.4.0/us-utah/map.js",
     "defaultSettings": "us-utah/settings_tpl.json",
     "onselect_content": "<div class='map_notice'><h4><a href='http://www.fla-shop.com/products/wp-plugins/united-states/ut/' target='_blank'>Premium plugin map of Utah with clickable counties</a></h4><p>Responsive map. No branding. No monthly fee.<br>Get 15% OFF with coupon code WP2015</p><a href='http://www.fla-shop.com/products/wp-plugins/united-states/ut/' class='butt' target='_blank'>Get it now!</a></div>"
 },
    "49": {
     "group": "USA",
     "name": "Vermont (regions)",
     "name_html": "Vermont (regions) ",
     "license": "free",
     "mapWidth":300,
     "mapHeight":380,
     "maxWidth":500,
     "defaultDataFile": "http://cdn.html5maps.com/libs/locator/2.4.0/us-vermont/map.js",
     "defaultSettings": "us-vermont/settings_tpl.json",
     "onselect_content": "<div class='map_notice'><h4><a href='http://www.fla-shop.com/products/wp-plugins/united-states/vt/' target='_blank'>Premium plugin map of Vermont with clickable counties</a></h4><p>Responsive map. No branding. No monthly fee.<br>Get 15% OFF with coupon code WP2015</p><a href='http://www.fla-shop.com/products/wp-plugins/united-states/vt/' class='butt' target='_blank'>Get it now!</a></div>"
 },
    "50": {
     "group": "USA",
     "name": "Virginia (regions)",
     "name_html": "Virginia (regions) ",
     "license": "free",
     "mapWidth":500,
     "mapHeight":250,
     "maxWidth":600,
     "defaultDataFile": "http://cdn.html5maps.com/libs/locator/2.4.0/us-virginia/map.js",
     "defaultSettings": "us-virginia/settings_tpl.json",
     "onselect_content": "<div class='map_notice'><h4><a href='http://www.fla-shop.com/products/wp-plugins/united-states/va/' target='_blank'>Premium plugin map of Virginia with clickable counties</a></h4><p>Responsive map. No branding. No monthly fee.<br>Get 15% OFF with coupon code WP2015</p><a href='http://www.fla-shop.com/products/wp-plugins/united-states/va/' class='butt' target='_blank'>Get it now!</a></div>"
 },
    "51": {
     "group": "USA",
     "name": "Washington (regions)",
     "name_html": "Washington (regions) ",
     "license": "free",
     "mapWidth":500,
     "mapHeight":350,
     "maxWidth":600,
     "defaultDataFile": "http://cdn.html5maps.com/libs/locator/2.4.0/us-washington/map.js",
     "defaultSettings": "us-washington/settings_tpl.json",
     "onselect_content": "<div class='map_notice'><h4><a href='http://www.fla-shop.com/products/wp-plugins/united-states/wa/' target='_blank'>Premium plugin map of Washington with clickable counties</a></h4><p>Responsive map. No branding. No monthly fee.<br>Get 15% OFF with coupon code WP2015</p><a href='http://www.fla-shop.com/products/wp-plugins/united-states/wa/' class='butt' target='_blank'>Get it now!</a></div>"
 },
    "52": {
     "group": "USA",
     "name": "West Virginia (regions)",
     "name_html": "West Virginia (regions) ",
     "license": "free",
     "mapWidth":450,
     "mapHeight":380,
     "maxWidth":500,
     "defaultDataFile": "http://cdn.html5maps.com/libs/locator/2.4.0/us-west-virginia/map.js",
     "defaultSettings": "us-west-virginia/settings_tpl.json",
     "onselect_content": "<div class='map_notice'><h4><a href='http://www.fla-shop.com/products/wp-plugins/united-states/wv/' target='_blank'>Premium plugin map of West Virginia with clickable counties</a></h4><p>Responsive map. No branding. No monthly fee.<br>Get 15% OFF with coupon code WP2015</p><a href='http://www.fla-shop.com/products/wp-plugins/united-states/wv/' class='butt' target='_blank'>Get it now!</a></div>"
 },
    "53": {
     "group": "USA",
     "name": "Wisconsin (regions)",
     "name_html": "Wisconsin (regions) ",
     "license": "free",
     "mapWidth":400,
     "mapHeight":380,
     "maxWidth":600,
     "defaultDataFile": "http://cdn.html5maps.com/libs/locator/2.4.0/us-wisconsin/map.js",
     "defaultSettings": "us-wisconsin/settings_tpl.json",
     "onselect_content": "<div class='map_notice'><h4><a href='http://www.fla-shop.com/products/wp-plugins/united-states/wi/' target='_blank'>Premium plugin map of Wisconsin with clickable counties</a></h4><p>Responsive map. No branding. No monthly fee.<br>Get 15% OFF with coupon code WP2015</p><a href='http://www.fla-shop.com/products/wp-plugins/united-states/wi/' class='butt' target='_blank'>Get it now!</a></div>"
 },
    "54": {
     "group": "USA",
     "name": "Wyoming (regions)",
     "name_html": "Wyoming (regions) ",
     "license": "free",
     "mapWidth":500,
     "mapHeight":380,
     "maxWidth":600,
     "defaultDataFile": "http://cdn.html5maps.com/libs/locator/2.4.0/us-wyoming/map.js",
     "defaultSettings": "us-wyoming/settings_tpl.json",
     "onselect_content": "<div class='map_notice'><h4><a href='http://www.fla-shop.com/products/wp-plugins/united-states/wy/' target='_blank'>Premium plugin map of Wyoming with clickable counties</a></h4><p>Responsive map. No branding. No monthly fee.<br>Get 15% OFF with coupon code WP2015</p><a href='http://www.fla-shop.com/products/wp-plugins/united-states/wy/' class='butt' target='_blank'>Get it now!</a></div>"
 },
    "55": {
     "group": "Europe",
     "name": "Albania",
     "name_html": "Albania ",
     "license": "free",
     "mapWidth":300,
     "mapHeight":500,
     "maxWidth":300,
     "defaultDataFile": "http://cdn.html5maps.com/libs/locator/2.4.0/albania/map.js",
     "defaultSettings": "albania/settings_tpl.json",
     "onselect_content": ""
 },
    "56": {
     "group": "Europe",
     "name": "Andorra",
     "name_html": "Andorra ",
     "license": "free",
     "mapWidth":500,
     "mapHeight":350,
     "maxWidth":500,
     "defaultDataFile": "http://cdn.html5maps.com/libs/locator/2.4.0/andorra/map.js",
     "defaultSettings": "andorra/settings_tpl.json",
     "onselect_content": ""
 },
    "57": {
     "group": "Europe",
     "name": "Armenia",
     "name_html": "Armenia ",
     "license": "free",
     "mapWidth":500,
     "mapHeight":500,
     "maxWidth":500,
     "defaultDataFile": "http://cdn.html5maps.com/libs/locator/2.4.0/armenia/map.js",
     "defaultSettings": "armenia/settings_tpl.json",
     "onselect_content": ""
 },
    "58": {
     "group": "Europe",
     "name": "Austria",
     "name_html": "Austria ",
     "license": "free",
     "mapWidth":500,
     "mapHeight":300,
     "maxWidth":500,
     "defaultDataFile": "http://cdn.html5maps.com/libs/locator/2.4.0/austria/map.js",
     "defaultSettings": "austria/settings_tpl.json",
     "onselect_content": ""
 },
    "59": {
     "group": "Europe",
     "name": "Azerbaijan",
     "name_html": "Azerbaijan ",
     "license": "free",
     "mapWidth":500,
     "mapHeight":400,
     "maxWidth":500,
     "defaultDataFile": "http://cdn.html5maps.com/libs/locator/2.4.0/azerbaijan/map.js",
     "defaultSettings": "azerbaijan/settings_tpl.json",
     "onselect_content": ""
 },
    "60": {
     "group": "Europe",
     "name": "Belgium",
     "name_html": "Belgium ",
     "license": "free",
     "mapWidth":500,
     "mapHeight":400,
     "maxWidth":700,
     "defaultDataFile": "http://cdn.html5maps.com/libs/locator/2.4.0/belgium/map.js",
     "defaultSettings": "belgium/settings_tpl.json",
     "onselect_content": ""
 },
    "61": {
     "group": "Europe",
     "name": "Bulgaria",
     "name_html": "Bulgaria ",
     "license": "free",
     "mapWidth":500,
     "mapHeight":350,
     "maxWidth":700,
     "defaultDataFile": "http://cdn.html5maps.com/libs/locator/2.4.0/bulgaria/map.js",
     "defaultSettings": "bulgaria/settings_tpl.json",
     "onselect_content": ""
 },
    "62": {
     "group": "Europe",
     "name": "Croatia",
     "name_html": "Croatia ",
     "license": "free",
     "mapWidth":400,
     "mapHeight":350,
     "maxWidth":700,
     "defaultDataFile": "http://cdn.html5maps.com/libs/locator/2.4.0/croatia/map.js",
     "defaultSettings": "croatia/settings_tpl.json",
     "onselect_content": ""
 },
    "63": {
     "group": "Europe",
     "name": "Czech Republic",
     "name_html": "Czech Republic ",
     "license": "free",
     "mapWidth":500,
     "mapHeight":300,
     "maxWidth":600,
     "defaultDataFile": "http://cdn.html5maps.com/libs/locator/2.4.0/czech-republic/map.js",
     "defaultSettings": "czech-republic/settings_tpl.json",
     "onselect_content": ""
 },
    "64": {
     "group": "Europe",
     "name": "Denmark",
     "name_html": "Denmark ",
     "license": "free",
     "mapWidth":500,
     "mapHeight":400,
     "maxWidth":500,
     "defaultDataFile": "http://cdn.html5maps.com/libs/locator/2.4.0/denmark/map.js",
     "defaultSettings": "denmark/settings_tpl.json",
     "onselect_content": ""
 },
    "65": {
     "group": "Europe",
     "name": "Estonia",
     "name_html": "Estonia ",
     "license": "free",
     "mapWidth":500,
     "mapHeight":340,
     "maxWidth":500,
     "defaultDataFile": "http://cdn.html5maps.com/libs/locator/2.4.0/estonia/map.js",
     "defaultSettings": "estonia/settings_tpl.json",
     "onselect_content": ""
 },
    "66": {
     "group": "Europe",
     "name": "France",
     "name_html": "France ",
     "license": "free",
     "mapWidth":500,
     "mapHeight":470,
     "maxWidth":700,
     "defaultDataFile": "http://cdn.html5maps.com/libs/locator/2.4.0/france/map.js",
     "defaultSettings": "france/settings_tpl.json",
     "onselect_content": "<div class='map_notice'><h4><a href='http://www.fla-shop.com/products/wp-plugins/europe/fr/' target='_blank'>Premium Plugin Map of France</a></h4><p>Mobile-friendly, responsive map with clickable departments. No branding.<br>Save 15% now with the coupon code: WP2015</p><a href='http://www.fla-shop.com/products/wp-plugins/europe/fr/' class='butt' target='_blank'>Get it now!</a></div>"
 },
    "67": {
     "group": "Europe",
     "name": "Germany",
     "name_html": "Germany ",
     "license": "free",
     "mapWidth":380,
     "mapHeight":500,
     "maxWidth":500,
     "defaultDataFile": "http://cdn.html5maps.com/libs/locator/2.4.0/germany/map.js",
     "defaultSettings": "germany/settings_tpl.json",
     "onselect_content": "<div class='map_notice'><h4><a href='http://www.fla-shop.com/products/wp-plugins/europe/de/' target='_blank'>Premium Plugin Map of Germany</a></h4><p>Mobile-friendly, responsive map with clickable states. No branding.<br>Save 15% now with the coupon code: WP2015</p><a href='http://www.fla-shop.com/products/wp-plugins/europe/de/' class='butt' target='_blank'>Get it now!</a></div>"
 },
    "68": {
     "group": "Europe",
     "name": "Greece",
     "name_html": "Greece ",
     "license": "free",
     "mapWidth":430,
     "mapHeight":400,
     "maxWidth":500,
     "defaultDataFile": "http://cdn.html5maps.com/libs/locator/2.4.0/greece/map.js",
     "defaultSettings": "greece/settings_tpl.json",
     "onselect_content": ""
 },
    "69": {
     "group": "Europe",
     "name": "Hungary",
     "name_html": "Hungary ",
     "license": "free",
     "mapWidth":500,
     "mapHeight":300,
     "maxWidth":500,
     "defaultDataFile": "http://cdn.html5maps.com/libs/locator/2.4.0/hungary/map.js",
     "defaultSettings": "hungary/settings_tpl.json",
     "onselect_content": ""
 },
    "70": {
     "group": "Europe",
     "name": "Iceland",
     "name_html": "Iceland ",
     "license": "free",
     "mapWidth":500,
     "mapHeight":350,
     "maxWidth":500,
     "defaultDataFile": "http://cdn.html5maps.com/libs/locator/2.4.0/iceland/map.js",
     "defaultSettings": "iceland/settings_tpl.json",
     "onselect_content": ""
 },
    "71": {
     "group": "Europe",
     "name": "Ireland",
     "name_html": "Ireland ",
     "license": "free",
     "mapWidth":370,
     "mapHeight":500,
     "maxWidth":500,
     "defaultDataFile": "http://cdn.html5maps.com/libs/locator/2.4.0/ireland/map.js",
     "defaultSettings": "ireland/settings_tpl.json",
     "onselect_content": ""
 },
    "72": {
     "group": "Europe",
     "name": "Italy",
     "name_html": "Italy ",
     "license": "free",
     "mapWidth":400,
     "mapHeight":500,
     "maxWidth":500,
     "defaultDataFile": "http://cdn.html5maps.com/libs/locator/2.4.0/italy/map.js",
     "defaultSettings": "italy/settings_tpl.json",
     "onselect_content": "<div class='map_notice'><h4><a href='http://www.fla-shop.com/products/wp-plugins/europe/it/' target='_blank'>Premium Plugin Map of Italy</a></h4><p>Mobile-friendly, responsive map with clickable regions. No branding.<br>Save 15% now with the coupon code: WP2015</p><a href='http://www.fla-shop.com/products/wp-plugins/europe/it/' class='butt' target='_blank'>Get it now!</a></div>"
 },
    "73": {
     "group": "Europe",
     "name": "Luxembourg",
     "name_html": "Luxembourg ",
     "license": "free",
     "mapWidth":500,
     "mapHeight":700,
     "maxWidth":500,
     "defaultDataFile": "http://cdn.html5maps.com/libs/locator/2.4.0/luxembourg/map.js",
     "defaultSettings": "luxembourg/settings_tpl.json",
     "onselect_content": ""
 },
    "74": {
     "group": "Europe",
     "name": "Netherlands",
     "name_html": "Netherlands ",
     "license": "free",
     "mapWidth":350,
     "mapHeight":350,
     "maxWidth":600,
     "defaultDataFile": "http://cdn.html5maps.com/libs/locator/2.4.0/netherlands/map.js",
     "defaultSettings": "netherlands/settings_tpl.json",
     "onselect_content": ""
 },
    "75": {
     "group": "Europe",
     "name": "Spain",
     "name_html": "Spain ",
     "license": "free",
     "mapWidth":500,
     "mapHeight":350,
     "maxWidth":700,
     "defaultDataFile": "http://cdn.html5maps.com/libs/locator/2.4.0/spain/map.js",
     "defaultSettings": "spain/settings_tpl.json",
     "onselect_content": "<div class='map_notice'><h4><a href='http://www.fla-shop.com/products/wp-plugins/europe/es/' target='_blank'>Premium Plugin Map of Spain</a></h4><p>Mobile-friendly, responsive map with clickable provinces. No branding.<br>Save 15% now with the coupon code: WP2015</p><a href='http://www.fla-shop.com/products/wp-plugins/europe/es/' class='butt' target='_blank'>Get it now!</a></div>"
 },
    "76": {
     "group": "Europe",
     "name": "United Kingdom",
     "name_html": "United Kingdom ",
     "license": "free",
     "mapWidth":330,
     "mapHeight":450,
     "maxWidth":500,
     "defaultDataFile": "http://cdn.html5maps.com/libs/locator/2.4.0/ukregions/map.js",
     "defaultSettings": "ukregions/settings_tpl.json",
     "onselect_content": "<div class='map_notice'><h4>Premium plugins - <a href='http://www.fla-shop.com/products/wp-plugins/europe/uk/' target='_blank'>UK counties</a>, <a href='http://www.fla-shop.com/products/wp-plugins/europe/uk-postcode/' target='_blank'>UK postcode areas</a></h4><p>Mobile-friendly and responsive maps. No branding.<br>Save 15% now with the coupon code: WP2015<a href='http://www.fla-shop.com/products/wp-plugins/europe/uk/' class='butt' target='_blank'>Get it now!</a></div>"
 },
    "77": {
     "group": "Australia",
     "name": "Australia",
     "name_html": "Australia ",
     "license": "free",
     "mapWidth":500,
     "mapHeight":500,
     "maxWidth":500,
     "defaultDataFile": "http://cdn.html5maps.com/libs/locator/2.4.0/australia/map.js",
     "defaultSettings": "australia/settings_tpl.json",
     "onselect_content": ""
 }
}